{
  "step": 2000,
  "metrics": {
    "accuracy_reward": 1.3,
    "accuracy_penalty": 0.0,
    "empathy_reward": 1.9,
    "empathy_penalty": 0.8999999999999999,
    "vision_reward": 0.324,
    "vision_penalty": 0.0,
    "modifier": 1.692,
    "loss": 1.2327872192766585,
    "phase": 3
  },
  "is_best": false,
  "timestamp": "2025-12-05 19:24:18"
}