{
  "step": 400,
  "metrics": {
    "accuracy_reward": 12.600000000000001,
    "accuracy_penalty": 0.0,
    "empathy_reward": 1.6099999999999999,
    "empathy_penalty": 0.0,
    "vision_reward": 0.0,
    "vision_penalty": 0.0,
    "modifier": 0.7,
    "loss": 0.10618397841511171,
    "phase": 1
  },
  "is_best": false,
  "timestamp": "2025-12-05 19:24:18"
}