{
  "step": 1200,
  "metrics": {
    "accuracy_reward": 3.84,
    "accuracy_penalty": 0.0,
    "empathy_reward": 2.8600000000000003,
    "empathy_penalty": 0.0,
    "vision_reward": 0.36,
    "vision_penalty": 0.0,
    "modifier": 0.7,
    "loss": 0.12152876157326754,
    "phase": 2
  },
  "is_best": false,
  "timestamp": "2025-12-05 19:24:18"
}