{
  "step": 1000,
  "metrics": {
    "accuracy_reward": 1.9500000000000002,
    "accuracy_penalty": 2.25,
    "empathy_reward": 0.595,
    "empathy_penalty": 0.42000000000000004,
    "vision_reward": 0.21,
    "vision_penalty": 0.2,
    "modifier": 2.6,
    "loss": 2.2421954277657865,
    "phase": 1
  },
  "is_best": false,
  "timestamp": "2025-12-05 19:24:18"
}