{
  "step": 1800,
  "metrics": {
    "accuracy_reward": 1.9,
    "accuracy_penalty": 1.5,
    "empathy_reward": 1.4500000000000002,
    "empathy_penalty": 0.6000000000000001,
    "vision_reward": 0.216,
    "vision_penalty": 0.48,
    "modifier": 2.6,
    "loss": 1.8620873873677197,
    "phase": 3
  },
  "is_best": false,
  "timestamp": "2025-12-05 19:24:18"
}