{
  "step": 800,
  "metrics": {
    "accuracy_reward": 0.0,
    "accuracy_penalty": 2.25,
    "empathy_reward": 0.35,
    "empathy_penalty": 0.42000000000000004,
    "vision_reward": 0.0,
    "vision_penalty": 0.4,
    "modifier": 2.85,
    "loss": 2.5694243355443285,
    "phase": 1
  },
  "is_best": false,
  "timestamp": "2025-12-05 19:24:18"
}