{
  "step": 1400,
  "metrics": {
    "accuracy_reward": 0.0,
    "accuracy_penalty": 3.5999999999999996,
    "empathy_reward": 0.0,
    "empathy_penalty": 1.5600000000000003,
    "vision_reward": 0.0,
    "vision_penalty": 0.48,
    "modifier": 4.5,
    "loss": 3.5311491115120948,
    "phase": 2
  },
  "is_best": false,
  "timestamp": "2025-12-05 19:24:18"
}